{
    "traits":
    [
        {
            "type":"Script",
            "class_name":"arm.AnimControl"
        }
    ],
    "type":"mesh_object",
    "name":"Orc",
    "mobile":false,
    "tilesheet_ref":"character",
    "tilesheet_action_ref":"idle",
    "data_ref":"mesh_Plane.015/Plane.015",
    "material_refs":
    [
        "Material.006_armtile"
    ],
    "dimensions":
    {
        "0":1,
        "1":1,
        "2":0
    },
    "transform":
    {
        "values":
        {
            "0":1,
            "1":0,
            "2":0,
            "3":1.7897968292236328,
            "4":0,
            "5":-4.371138828673793e-8,
            "6":-1,
            "7":-1.1340054273605347,
            "8":0,
            "9":1,
            "10":-4.371138828673793e-8,
            "11":0.4949989318847656,
            "12":0,
            "13":0,
            "14":0,
            "15":1
        }
    }
}